	icept	comp_000	comp_001	comp_002	comp_003	comp_004	comp_005	comp_006	comp_007	comp_008	comp_009	comp_010	comp_011	comp_012	comp_013	comp_014	comp_015	comp_016	comp_017	comp_018	comp_019	comp_020	comp_021	comp_022	comp_023	comp_024	comp_025	comp_026	comp_027	comp_028	comp_029	comp_030	comp_031	comp_032	comp_033	comp_034	comp_035	comp_036	comp_037	comp_038	comp_039	comp_040	comp_041	comp_042	comp_043	comp_044	comp_045	comp_046	comp_047	comp_048	comp_049	emotion	sub	feature_set
0	-3.2657920254974497	-0.6013098858409602	-0.5635274744786807	-1.2156772266313034	0.9722066570645321	0.612033503747954	0.3306177556621426	-0.2535114503953612	-0.504544088309722	-0.23315979316197402	-0.3672073758999417	0.17445489962657845	0.16226975566389268	0.6113586000603486	0.17180638798913603	-0.18444325551131274	-0.07257908263479512	-0.10656697021327108	0.8546307790177253	-0.3110975207335473	0.3017880849834889	0.4526813247872047	-0.31240224337883776	-0.7543948888383325	-0.19710167389355968	0.000854827045106194	-0.36253915805980796	0.25300691242939416	0.11911105292165707	0.11418037413629692	0.6643848985528945	0.6334626327508058	-0.189075076088739	0.1273099800052021	0.3519758274272934	0.025364555210693446	-0.03469772084246036	-0.18519574482598952	-0.5076439596861708	-0.18775422190012014	0.39070095893623674	-0.001871017948368222	-0.7125924783864608	-0.4092591388216412	-0.44723583874551065	0.5939927152435146	0.09432103628655376	-0.09906368644774069	-0.2017234772664964	-0.33375588672862205	-0.20573711428643157	anger	01	vertexPCA_type-dynamic
1	-3.74063626917893	-1.8506460100918796	-1.2326613481757926	-0.6458549257027143	1.3007058386028516	0.7151105646479716	-0.478159315829067	0.47254862576806766	0.06452413582154552	0.1721100752283178	0.06066086882853633	0.15592379960714983	-0.36526976304409664	0.0878898687114411	0.023472424034177056	-0.14126568602641132	0.3179118830364763	0.511588598637651	-0.06725840478907939	0.07864837539722826	-0.4729986725665896	0.070251297952433	-0.9264825637609849	0.40479615138920627	-0.16064306628689665	0.3477149030983566	0.3667168286060438	-0.28405140117905703	-0.42426897447286643	-0.44273196450850816	-0.23694400831620496	-0.029995286519090822	0.8781978846955717	0.03908617039052278	-0.012787920708464686	0.06969407221287577	-0.13071141490147833	-0.5617865467930925	-0.05070719301740025	-0.34906355172313785	-0.3438363239105409	-0.2477432281388827	-0.7251148394202207	0.1849023423538962	-0.13805301097549882	-0.040540720201842746	0.03494624382469124	0.27092338983720743	-0.011072605979940496	-0.3182101488653402	-0.14074204897311254	disgust	01	vertexPCA_type-dynamic
2	-2.774832757115442	-1.3398282132094692	-0.3959563529687074	0.8721014579509139	0.5359129768893048	0.1356706767552733	-0.01889207918207103	0.14981817783479864	-0.3736340932641399	-0.04987629185711768	0.4997297799281312	-0.25456571563829405	0.2681913487223149	0.09885849548277056	-0.009381516719048877	-0.23727341588287104	0.17208298813676837	0.3669373677974377	-0.47619675240154125	-0.0912844180205183	-0.0763729303226688	-0.23843528479442594	-0.10844606161238829	0.3142843436805338	0.28530467553176214	0.21339072847585747	-0.3728043522794778	-0.08539297427614205	0.2624410359111903	0.05642185782882216	-0.2743466206018514	-0.18963986555918078	0.007612061334882826	0.25569201626344523	0.5182045265124197	0.39182883017236725	-0.010906689447814946	0.3519040300316619	-0.41812637666496755	-0.12189594654760104	-0.35379091148878283	-0.5012083544405291	0.12839877129309885	0.05585047702506132	-0.11878766324857772	-0.09364986088878098	0.13450382745214598	0.17799997983254712	-0.386696955882241	-0.2952454810924258	-0.13882390370630265	fear	01	vertexPCA_type-dynamic
3	-2.50895273680544	0.15039721267148787	1.1242703698666932	0.37316488388621566	-0.23556111032723584	-1.3500953048448576	0.24544667881839885	-1.588313837764386	0.1922728165684973	0.4204340074868495	-0.30669270969955703	-0.3350905726426055	-0.011238767413190487	-0.14990813669707304	-0.6396558440333687	0.016841365860154504	0.09472775556185192	-0.19062711328225393	-0.42428644315654873	-0.07066273883502733	0.21146774448419944	-0.38559557300283565	0.08441641921707982	-0.688746323895452	0.11596273784307637	0.05922279469752805	0.359623712077152	-0.06257604315234656	-0.03694629132326274	-0.01962799656606062	-0.35689697437403844	0.017167199866829477	0.06157498046755621	0.026632019457574863	0.25644125205432283	0.38438983915377706	-0.12236306818535944	-0.5287818669284191	0.048868665781106914	-0.396800528378212	-0.07351366941583735	0.12821661467424894	0.3047547304643949	0.17719155078761128	0.12186278261408741	-0.18936407101489652	-0.25795581343604107	-0.04792296708994658	0.24939003963188688	-0.19407607304225866	0.12597917982369292	happiness	01	vertexPCA_type-dynamic
4	-5.05432619787895	-2.2144471876347342	-2.0246580717004945	1.825721777086877	-0.20655351593547772	0.5642182352745111	-0.30165911848647387	-0.5176588972192779	0.5208745458584315	-0.10261966924379996	0.48781243488577	0.145901801268426	0.631800371468485	0.2806981529852922	-0.6855173452675716	-0.021238379556908233	-0.2109587347643527	-0.7230472889048882	-0.2160544324117983	-0.06150852276983087	0.4176687098317871	1.1061336349042283	0.8355400699404499	0.38020901260240225	-0.7089443532304233	-0.035014776356323524	-1.4118909542835612	-0.1366174327550844	-0.6365340292780548	-0.37558814077956987	0.12901806801606552	-0.7153654578152095	-0.3013279852122049	0.721744235522801	0.37354301141625273	-0.989409247269042	-0.6089416016043803	0.16790283051471594	0.36388143812850804	0.29547438309097634	0.18836572793352996	0.3773689801392805	0.5490143850795518	0.3577528059238827	-0.4887491398895422	-0.12736501177869775	0.06435367846465719	-0.3647271477080617	-0.10048166306247205	0.3795050419381555	0.06840616269585105	sadness	01	vertexPCA_type-dynamic
5	-4.0245400642988285	2.32371290691654	-2.510367833676185	0.19319569671348458	-1.2165597672118482	-0.9654024460530515	-0.4278837181009274	-0.36426897576448874	-0.24120819791215445	-0.611028904953351	0.11128999564733151	-0.5874932406603842	0.45483513331728226	0.11961280214353208	0.3571673671981539	0.0076516843614863675	0.6221565449970471	-0.22835889719736738	0.4061716611336486	0.2498977592028346	-0.465110203355449	0.4303602381251175	0.3205605898653197	0.32366187135380015	0.20877941129548563	-0.5980226292029793	0.5144385107354457	-1.0666082613494396	-0.41350851453639387	0.6651752029352305	0.167684095243665	-0.5562217801131264	-0.5556966211383023	-0.08280264624773519	0.5226952230790527	0.6923880476089564	0.3916162841405113	0.3910691444277418	0.351052670251396	0.10360380728690137	0.5542236934483497	-0.2591824715539783	0.48667589169909076	0.21496259105131668	-0.20225033735931292	0.019140334998983807	0.5743787866785708	0.010810140761361197	-0.1374641662237028	0.610938253106781	-0.11470736181058559	surprise	01	vertexPCA_type-dynamic
0	-4.468196135672446	-1.7389065157434334	-1.4702293530623078	-0.45914064604687366	1.8854597505812765	1.2574337897078864	-0.036997566624906046	0.5601092797149023	-1.2438399339292516	-0.5140052327490564	0.23725661137633508	0.2913095818183509	-0.8083812331503861	-0.49974601786651307	-0.23590756594500678	-0.38241118725655737	0.3657874658317113	0.022022426346939725	-0.20701218809770805	0.2597951147242415	0.019668922784691956	-0.06727954838130307	-0.20575537756020304	-0.06909906628071757	0.713962944634313	-0.2188930452789225	0.3956709691556789	-0.0024264889892523784	0.23847041173557662	-0.40567956312201614	-0.24934261084333184	0.6610081294815866	-0.8457193906331162	0.1070157472523796	0.14284924098692514	-0.2649025087151176	-0.41905731495610554	-0.7704231444088425	-0.24360176414907042	-0.4500195229439185	0.34719299671912546	0.8287179971430689	-0.6499358862483358	-0.040902564280838376	0.04457499622378039	-0.1908716126760102	-0.18957551596362998	-0.26631750608011456	-0.07044618736730991	-0.7094041337717892	0.45967685981589956	anger	02	vertexPCA_type-dynamic
1	-3.6239870706850343	-2.883183970423394	-0.1366567923332892	-0.16118561102099005	1.2464042543217915	0.6411529638059226	-0.7314873478734971	0.18101981928378305	-0.4246136662373157	0.2167700408347422	-0.15609629293270758	-0.2742658399837331	0.27620677985026554	1.401292343037849	0.3583579439351924	-0.7681432877550891	0.04155208629369988	-0.6838377810210828	0.7130553349889497	-0.010293420451020304	0.11491627309013866	0.921628587715123	0.294191819792239	-0.5015266575587914	-0.47730805604901877	0.4412574812791427	0.13181337683170072	-0.23747720023259447	0.35581995672911704	-0.08938869570795481	-0.6395854739793676	-0.09057269117531258	0.2674863785758672	0.28382221481342307	-0.017723281914339754	-0.36803043041252187	-0.225916968152568	0.2647878394519089	0.16158687558216975	0.35377889932711076	-0.092212792645303	-0.19340813447740007	-0.03980504743227665	0.11090186005171596	0.03365153168028903	0.10950558613278373	-0.019514760099750065	0.09979904235895151	0.11300725450657607	0.1356089445328995	0.28307497625997785	disgust	02	vertexPCA_type-dynamic
2	-5.647115017661462	1.8511562874365857	-2.1350916068627073	1.4395574838892355	1.3526286335282014	-1.8542448946939183	-0.8903537248068809	1.1742011350967974	-0.5785607407903579	0.3936916468966389	-0.41987020092412763	1.162780272341823	-0.4344802207696382	0.5728413282454686	-0.04689016913685645	-0.5912557174679393	0.36709265640411126	0.4450843009513738	-0.7374654308692726	0.24999003105028458	1.3619492217851559	-0.07411996693948451	-0.027544807532490286	-0.13234624401470899	-0.23573564792452945	1.0291133712695346	-1.022519797075873	0.21597314039797053	-0.5705392685094917	0.9765515516709469	-0.3892627103162594	0.6862947626837945	-0.6449105607668827	-0.01922365729422588	-0.7190475549672553	0.4331674279808431	0.3423596663273693	-0.20959692385505124	0.8227282432816645	-0.594531411154081	-0.7710570676710092	0.16282435158185923	0.03316738416036847	1.085986787688257	0.9325612874601791	0.10254803784418712	0.07131369355368891	0.047353159147293405	-0.01734923019439733	-0.49617354894048354	0.7841621163623398	fear	02	vertexPCA_type-dynamic
3	-2.4559173901255273	-1.0797297817420213	0.90946054856138	0.3698055585598722	-0.7246301942730944	-1.5916661089538484	0.3570258158332391	-1.2518600212946607	0.1425904540401582	0.40064428413368847	-0.23531920167916784	-0.20498304254977703	-0.14304003118195527	0.12448327930038917	-0.4719412215097664	0.05811579198969505	-0.15210747444076442	-0.31348516401206156	-0.45570188265107686	-0.26366556933208957	0.026054491109643113	-0.13868272690470984	0.11648092911369251	-0.15146564986321023	0.17306730622861913	-0.014627024051243222	-0.239410169943169	-0.31031845361550053	-0.12581425263518767	0.16165709042627927	-0.1810781223506398	0.048671138601968165	-0.04660063530452038	-0.2562451311946318	0.34942970042202537	0.28027835717427413	0.04107472990296656	-0.127728798482576	-0.20671414295335794	-0.2937477867456548	-0.2804876189073893	0.2809414284069478	0.443389181746104	0.4118563839094641	-0.03479006561438568	0.2605509304956834	0.21670678739630972	0.43218058201595705	0.31713822377007533	-1.9284438406386335e-05	-0.03311528745961479	happiness	02	vertexPCA_type-dynamic
4	-3.454295962763564	-1.330523761174063	-1.1319875754697049	1.7391826871930687	-0.28696844263162213	0.762483111640799	0.30411082556485547	-0.45798333424640225	-0.002378583200678804	0.2288074081653058	0.4393557994274028	-0.3721434838194647	-0.04747636467490244	1.0242165799454728	0.678168301744661	0.12030650133278277	-0.07326995176474943	0.15896093007184223	0.3678620416546963	-0.481734438297743	0.1346480735513987	0.4072778985983355	0.44358403318461376	-0.31498228335747297	0.08598869200079641	0.260030222693629	-0.41862532071164865	-0.37579125317513734	-0.3541925565988068	-0.22851535279145804	0.4037570978209139	-0.5856982728747956	0.04446054596463424	0.4702461061348994	-0.05090076324536057	-0.35417260059463807	0.05857235298214267	-0.17607022138884434	0.10190403976106024	0.22245595661043535	0.354921092051821	-0.45937931640644986	0.5432607637148474	0.0038887046890677167	-0.09410307100775941	-0.108028272370652	0.23481834723743475	-0.20259085152675385	0.12780512789564294	0.22156589468017882	-0.46623640305546377	sadness	02	vertexPCA_type-dynamic
5	-2.8297644492807508	1.6667350174314484	-1.0276650045653648	0.04175576618597966	-0.33913333483220176	-0.08513339323741655	-0.24340472645236125	-0.13457827184639004	0.24800642608545245	-0.19764254783908328	-0.12830076854925074	0.2217685545108097	0.19725137279686294	0.03661223320173646	-0.08017759930451905	0.2898805565644097	0.07615881470877088	0.2825190272752672	0.3378277492096051	-0.032635126267116295	-0.815744690140464	0.1917724575066874	0.17775118594030684	0.05859009915979467	-0.08102819353407759	-0.44008531188990213	0.32097571863607316	-0.29911124135149675	-0.018958095846852055	0.32654582977411534	0.47259085895401626	0.16205690648167034	0.27435250180532145	0.23982018159133855	0.23765609339558907	0.3369459380985236	-0.24260899299471103	0.15559766097754849	0.0868051518151483	0.30997106241470723	0.002713764485416435	0.1978239615618186	-0.07553026038943501	0.05069688266369415	-0.3065968923562636	-0.23294527098933934	-0.3787560920036455	-0.13826594075847598	-0.30925486288416965	-0.035612445391565856	-0.18937391101617615	surprise	02	vertexPCA_type-dynamic
0	-2.707378021100516	-0.6896172162492126	-0.68015700437983	-0.9850646118445318	1.085465320205802	0.7453047595013388	0.3265359282755857	-0.25362034473419803	-0.6332656718347263	-0.8141429918206042	0.22717619635422306	0.058829140596805614	0.22540546664099984	0.1530110291220698	0.008857335540525478	0.08288052622468454	0.02011081653413506	0.22293072243553905	0.45200368916475037	0.029385761604980378	0.06176649322545136	0.08126852254248357	-0.11502049857910573	-0.1260274331419939	0.06368804479414551	0.030009061977795036	0.19394113055256423	-0.00498752882654346	0.3699056454246841	-0.2909586689238487	-0.11341468913065297	0.12057509478365395	0.23164831334411326	0.28798284380933503	0.38439662707159533	-0.2604253880383556	0.23710285464320438	-0.0026554878131505094	-0.062325537286399176	-0.23019496754494287	0.048987582741841694	0.27213884669578925	-0.24730806822393947	-0.16301224256997668	0.3951575985499601	-0.38410820205914287	-0.22457736059509767	0.09401754168059644	0.1478221814425461	0.0532393490017743	0.20925705309217818	anger	03	vertexPCA_type-dynamic
1	-4.179874147833616	-2.1423911767892587	-1.1676200197639721	-0.9108467615115974	0.8282034670165231	0.44501020677711217	-1.3887669782306593	0.724626681941595	0.08812495672000394	1.0205794664371706	0.05996356646425777	-0.5688257930984635	-0.40842630036521405	1.423548158982413	0.23785437901094017	-0.4099550907485892	0.16122550468187138	-0.07839881457731575	0.33221172334749816	-0.5440792406122488	-0.05775790811310906	0.07558752097285287	-0.6844741424498784	-0.21385899986233498	-0.44894836248430875	0.22686408908413827	-0.23521379285496383	-0.8368805811882399	-0.6691563897145509	-0.4238711935835272	-0.46474000914131625	-0.524561712517356	0.3629079459135625	0.25738700727756375	0.4434711286231255	0.19552283383400457	-0.20078411913115926	0.4970743901213291	0.2420029209685023	0.17983565409997515	-0.25257001812620933	0.028515059933173163	-0.07278985698313557	-0.005585688293551106	0.7723901053118722	-0.10281326489335832	0.07045339821788234	0.5288292796436932	-0.38861380304474913	0.23763728949808885	-0.06670252892829896	disgust	03	vertexPCA_type-dynamic
2	-7.239497097485324	-1.1049754656513817	-2.7634004684286735	3.6910066114712676	1.7675116701695968	0.24277768546289052	-0.09863532138806155	0.9294613175478755	-1.420400599437215	0.29225623193798334	-0.16916971022046565	0.6502668414107532	0.13926796557866272	0.5723755226595201	0.538154544357779	0.05640022756784611	-0.5468942171136107	0.7298879000840511	0.13492037577295155	0.28392513233261574	0.16971350134869564	1.0134465862732425	-0.2157447504386819	-0.3327995592633855	-0.38316048228828664	-1.006381901039931	-1.429371401017609	0.1024578641648422	0.3030037135121368	-0.2961344543876445	-0.620405332611119	0.520868053566261	-2.5124193831855397	-0.13236614192652799	0.779509088478511	0.28068324487481183	0.10503970385755032	-1.0351137411352767	0.1287563700108443	1.090673869666289	0.8756554803358241	0.6779115785668766	1.4138688515092965	0.003079879586411927	-0.20727624094056302	-0.904635953150309	0.15465381311481063	0.03201091121993115	0.222185937716792	-0.11874343724433874	-0.10758360768912036	fear	03	vertexPCA_type-dynamic
3	-3.925000047788672	-2.329649625437639	1.4515975688802316	0.7446590079357647	0.015485496735382869	-1.9574388158199845	0.39887238172795775	-2.0374164765022815	-0.059407146680362934	0.5669541340685724	-0.19551115816944173	-0.41527175661860577	-0.3178908517829704	0.43677575012566244	-0.63449845103092	-0.23564300747555603	-0.03900352407294926	-0.6814035831110897	-0.7207920071410284	-0.0900089312210868	0.30913987289431416	0.02195997444053146	0.27092599800302714	-0.2350991662577042	0.3497311319225467	0.05306445874171361	-0.2462761826588639	-0.10525973970686132	-0.3883263842207468	0.2938490478035627	-0.5607249860731405	-0.11912448531363054	-0.2460969080326511	0.22463611738046307	-0.1396344658815689	0.03795591536470099	-0.319937041079779	0.3058292093229253	-0.061263402601667565	0.06137976545325302	0.1495198913286355	0.06623929747933462	0.3799562960326731	0.21935977938790788	0.31237318786561036	0.22581006017359337	-0.03967313378006398	0.00644288172700781	0.4231862397573641	-0.15240376437819095	-0.19769972655195425	happiness	03	vertexPCA_type-dynamic
4	-4.948748382537186	-2.1582571739367826	-2.48180179408522	1.8965020404693484	-0.7926815273259916	-0.314783174734355	0.1716451706117096	-0.8617522203416708	0.545200398506848	-0.09681988240959978	0.07927737255423488	-0.15523090540109805	0.06109527457545145	0.7459853542848325	-0.4328707204114741	-0.5574980616041271	0.0013577315332676256	-0.615116334352626	0.15949422725488924	-0.21761765165333788	-0.11977888604653943	0.26876105554706703	-0.1673615157700768	0.09432782995606832	-0.021531946157245855	-0.3104163970365652	0.06519152094352494	-0.5989842636094095	0.4710003340945103	-0.5143220938296053	0.21316352910932929	0.06747437186313837	0.002386687178769309	1.5417500542191105	-0.046931372325252775	-0.7161982416924593	-0.903873359567195	0.2944549777344205	0.08365603249948966	0.13922033675309511	0.8978217788387739	0.15375980119232754	0.496155418621882	-0.5860215680652492	-0.8051317384782608	-0.23897393270515457	0.6700781450444991	-0.5130257106788462	-0.13970543220156764	-0.03141811290616881	0.08264243530458978	sadness	03	vertexPCA_type-dynamic
5	-6.622209986550693	5.765839405199179	-2.449868813493028	-0.7658919207244981	-2.513970951598317	-2.1580730733078064	-1.3237751306752599	-1.1348729726041151	-0.5033528430987245	-0.014214339730577475	-0.009723793753083831	-0.683673208325606	0.09536210462779132	-0.42918863890358244	0.4832248482155725	-0.42099972377590633	-0.10571263387239503	0.08351411115733788	-0.29611441843611624	0.19080046536608472	-0.17043718563351887	-0.5022908069298446	0.17261870230081264	-0.5110902343741587	-0.019261775888303523	0.27244848112366404	1.211214044930319	0.36578227213347253	1.2623619921735385	0.9966813332907415	1.0740114345607419	0.9828620778283331	0.28103867880780437	-0.2876150785292105	-0.4497387290205477	-0.03303801006273752	0.6115730028105072	-0.6912489701174342	-0.5286572628391183	0.12943758294930433	-0.10285987606423606	-0.4792874860128951	0.7411601568784205	0.6216660835680586	-0.7008161161362289	1.1876617247436372	-0.07126651166893888	-0.4389642532478629	0.00797937975174348	0.19562650839075846	0.7775778133271796	surprise	03	vertexPCA_type-dynamic
0	-2.224752600248144	-0.38085516821916643	-0.31942653162911294	-0.15645155109673106	0.6583253286923693	0.285904092551192	-0.19978884501870556	0.44723964371838304	-0.49612257418346184	-0.621487162802579	-0.15077617069710803	0.39474099440899196	-0.12856471995918858	-0.05150266867223002	0.006023032727590072	-0.13475412884525048	0.18766052884011702	0.121950333972732	0.35929583093195094	0.15767981268682438	0.2143344658369273	0.25255696412535406	0.12385250087229938	-0.2433318357269876	-0.18546359029297968	0.18564568742033674	-0.061509430784183194	0.06838797765646022	0.09645257685817478	-0.09671655624147471	-0.007233678437491039	0.28859790547737085	0.05421559190786417	0.19041949657766077	0.1395874924750182	0.03718482303410739	0.08221325303223453	-0.4130767263088706	0.21895267107594674	0.027696690813682392	-0.15446028825601524	0.19300290635204714	0.23103712885129346	-0.04561370571855142	0.193289447745736	0.11146762794780313	-0.2700659401905521	0.16438516583023785	-0.15715874788777173	-0.27089868502760234	0.19291204252570682	anger	04	vertexPCA_type-dynamic
1	-2.5041650502469674	-0.5765343848477487	-1.055633802463401	-0.8619343634036667	0.1853141014258384	0.18762849889974353	-0.5738768417597551	0.5524953746048523	0.13393200759279952	0.35524769210670515	0.13975794413151743	0.10168030078204278	-0.078253269166007	0.08451291789133114	-0.15842408980817357	0.27577279328457827	0.06218934063754867	0.2385472712153102	0.054720131544149384	-0.05295891320547242	-0.015154663927483618	0.6419088134437984	0.40381861870088626	0.7604856728105888	-0.467960736659286	-0.3932171935648321	0.3240731799596761	-0.6317763895355738	-0.14000251041576572	0.44299928777053815	0.10664243720642469	-0.4690473455047344	-0.09506374137108312	-0.004454799598686555	0.7659841868158693	0.3616657603792279	-0.14091302927900742	0.3819646558458267	-0.03179521881251136	-0.40684832538403215	0.13477872779195532	-0.3086804441825743	0.3252205876933419	0.11904412549912635	-0.232528723879085	-0.019033793725294675	-0.22489246291280074	0.03369897822647073	-0.04102775553673243	0.23703678897680994	-0.30492759551042353	disgust	04	vertexPCA_type-dynamic
2	-3.5131665829542893	1.9376508570792432	-0.6804067830954496	0.38201181219228403	0.1789268938033325	-0.32847284078847144	-0.05537877799312932	0.5014345377331461	-0.07036888418814337	0.004584303657819088	0.2644476693693722	-0.24589093576234006	0.06452349208697661	0.6280644074970727	-0.03428708667382462	0.2976443206763834	0.14544225125805343	0.12269248221801198	0.06126397098808645	0.43124434451384963	0.6911199093971111	-0.09128927103726597	0.37756945095612765	-0.10377772021191428	0.25236452105450596	0.35698972246999416	-0.0023562347745360052	0.03213437950144326	0.0719427923618168	0.09568658299521361	0.07980076453953372	0.21498257375829508	-0.07256925101172465	0.10815095283622435	-0.402164859368569	0.13689408781546372	-0.11889230704915658	-0.2663752128881638	-0.06731734765209589	-0.17117253640139649	0.3378454505124855	-0.4465068712181075	0.0022713673186909944	0.6270291497668053	0.16696984492260275	0.21899314185137692	-0.023068278022350532	0.08873711604389925	0.14355899089978277	0.29005321136733264	0.0951627315422153	fear	04	vertexPCA_type-dynamic
3	-2.8870043347919823	-2.4252873772038357	0.661970573278312	0.5546891205743146	-0.16280558387861757	-0.7674873159492734	0.504448378913971	-1.8275631996571926	0.049461342627815076	0.4661095156896807	0.05969393250996658	-0.6155251890501231	-0.1882931357537853	0.1451629002520716	0.08252059219253832	-0.2253467677265882	-0.06907671687550289	-0.5366490432518936	-0.04622595142723156	-0.3959579732462445	-0.19903116655205758	-0.321286589663802	0.12207207415534073	-0.4390847813780877	0.35531263231564025	-0.013101949270269992	-0.3318680645555244	-0.4668464901837462	-0.4061245890355587	-0.18798439314598853	0.1950731615865177	0.09518857497388683	-0.05076863816579928	0.3112805531702037	-0.13608254183112717	0.06025629436566326	0.07366621054988816	0.30131877122479617	-0.11985918563295483	0.6197189965297426	0.31368201128573586	-0.06114069001793632	-0.08249132516189307	-0.06907647715894674	0.33959124573345256	-0.3563399066390567	0.31293262471940947	-0.33167649038972835	0.06962502369780423	0.20013824606204048	0.13362230029136934	happiness	04	vertexPCA_type-dynamic
4	-6.065504167618695	-2.0742370670309924	-3.430888801239293	2.788327892081333	-0.5809183370805276	1.2802004053244185	0.9150495510185848	-0.9418470975880203	0.013327361797399543	0.4198411915634682	-0.3158544509359589	-0.5310037974441658	0.9216798822542919	0.7185733088766648	-0.6748310164234179	-1.015397351383658	-0.3024119374067444	0.27599963014894413	-0.5768841730635758	-0.33976668120544234	-0.961390905424043	-0.5454036114828115	-1.3162559715205588	0.5785503493945413	-0.09040703235629094	0.06252304591012049	-0.6588428608018317	-0.5413877975878256	-0.4399444524527134	-1.0244298781551182	-0.009361822187373492	-0.18373603332005575	0.6242915581213154	-0.17765104975326917	0.25568964236763053	-0.8133746796962755	-0.20015255234080948	-0.9525223698310262	0.42732418337833894	-0.7727999263125155	-0.05357717545563646	-0.6522624324931899	-1.0212639660710037	0.32669198439448643	-0.9644758873711222	0.4512108856605554	0.8282889741830946	-0.17534122858508053	0.842686937967144	0.276996334608513	-0.4512045866777969	sadness	04	vertexPCA_type-dynamic
5	-4.307733343803758	1.9712207043335181	-1.366703125066739	1.128966767928829	-0.3003362204405493	-1.042146283017057	-0.25939615462854726	-0.23198231202366035	-0.24913896686960893	-0.29322845420652116	-0.07572257628782957	-0.27092406244370815	0.20819408383454394	-0.22560307029597934	0.1965959084050933	-0.13557482266124932	-0.11433937579222687	0.023848242412150014	-0.1999191328995593	0.029970860661942177	-0.08892754366953602	-0.05509601648117238	-0.42303215009545675	-0.630985384989799	-0.4795376733029025	-0.31637194025024223	-0.192414549082429	0.7831688449790036	-0.08441858873871652	0.09316545925692502	0.05890763612592844	-0.0724305250008222	-0.05290501336308547	-0.5501552925205521	-0.019673624698470074	-0.17827287836665717	-0.9911765508555231	-0.3044015566740972	-0.6912433593666235	0.2768116431092952	-0.23122313918753815	0.3315090367854767	-0.18429207514867973	-0.1377368353045423	-0.36866741785598145	-0.315930881300357	0.18116872974899195	0.4792525709962801	-0.06907350117385393	-0.5169174432212315	-0.14607446272910388	surprise	04	vertexPCA_type-dynamic
0	-3.842730382501074	-0.7995829912483	-1.4024121640252614	-1.1010015237001516	1.368706362002654	0.41578324471401595	-1.034583057638845	0.21504307718939575	-1.2677075803677698	-1.1910225040203557	0.13043323700391998	1.2125561965637643	-0.12675034302379148	-0.04476109833838307	-0.5544780153010791	0.08009162578932917	0.3841419425854534	0.08402063368504108	-0.20647051301472527	-0.015171249519957413	0.3843687954511379	0.298235639136757	0.15856210121576594	-0.4507087714868802	0.5823416894907448	-0.09005183638963052	0.7562149653799337	-0.5122193388278952	0.17321549542497489	0.39498245840709933	-0.15511443113398862	0.5118207983700863	-0.44993252401667355	0.4252659356574329	-0.1995914516233284	0.0053736011567780476	0.2708970482706842	-0.04465881365598357	0.2947938938514047	-0.08050861827131238	0.3668157819938002	0.03009541448924179	-0.4075136188419065	0.596566214443058	-0.05746067518534756	0.23094926951228584	-0.6135204906270655	-0.04206864836760578	-0.10170078649782367	-0.21583184862416627	0.1530064394372971	anger	05	vertexPCA_type-dynamic
1	-4.597887594487092	-1.4227304205663815	-0.9126711473045697	-0.6700847968326051	0.943595828570167	1.704265963267878	-0.11061787310878415	1.226923046095706	-0.5086247605671511	0.5069488248521359	-0.3213901006120745	-0.28531236840584484	-0.99453713009686	0.8925023552572883	-0.32840544333185223	-0.7430989150143295	0.1099688065577577	-0.8516935400780069	-0.03406302973888341	0.426042847302405	-0.5128784296214076	-0.13300162100827426	-0.22713521836699488	0.7077805263411123	0.26629789433528556	-0.18181101057566962	-0.41281222504460474	-0.5379136635198357	-0.5892755793598927	-0.2587321754304712	0.21828376318823547	-0.3182308511200249	-0.1947778665306797	-0.2735648698564691	0.9778468772357494	-0.15162699549824235	0.19396109645367116	-0.28038456806028855	0.18087509017118106	-0.3232483745368235	-0.18136120948683276	-0.19226579615242187	0.6845801013992358	-0.6151341836968593	0.6199801453778747	0.07461767703535287	0.1144567464513067	-0.06296306254581703	0.08849987947928836	0.4796336290594477	-0.03481871933114809	disgust	05	vertexPCA_type-dynamic
2	-2.4813363104479422	1.3196179996918302	-0.4109796841492118	1.0964641391478869	0.30904567460873644	0.0523134520394205	-0.23538742141390498	0.37528949111092946	-0.25616425892787037	-0.5102136898446764	0.314190370614245	-0.06636922985648303	0.15569129571217347	-0.1659546352446975	-0.2170118747918947	0.14035647999643835	0.014160869062259886	0.23613624961160892	0.02436990953725298	0.09997598579978781	0.28694139830422577	0.08004151684890885	0.09155420707248058	-0.4192239820692542	-0.03587488325025357	-0.03759105128998285	0.11148953755988539	0.18181288069855722	-0.10200410709748732	-0.06698229169059294	-0.0025688791369102865	0.09174255912030209	-0.05051838193407815	-0.3782682139622409	-0.19346937927725205	0.19417891193939238	0.0274808887078963	0.11597366852786277	0.06130464333651535	0.029601044970876348	-0.03640407298302938	-0.06739634842183856	0.043057323149935295	0.1794081157730435	0.18047395668364888	0.16752388346141867	-0.33108279131391066	-0.02865518953421774	0.02412140219446179	-0.1598646639033032	0.17785388019791298	fear	05	vertexPCA_type-dynamic
3	-4.708564763799798	-0.8663149806626778	1.271871311096361	0.901162302033551	-1.337707718233159	-3.1844621781070814	0.6848097251083247	-2.058293592533182	1.0826043325715446	0.40383506568777194	-0.1232136855516988	-0.9152995345946379	0.4066491154198082	0.3425746221863787	-1.002362772405859	0.07071110374917323	0.20301924049556777	-0.8757161558339948	-0.6341166154653789	-0.12121467562712297	-1.3016182353537287	-0.025735584748766346	0.44277383782889496	-0.4808710216168565	0.036904904262031836	0.5160727371542179	0.040395564559158166	-0.326392153325006	-0.01858946368010717	0.06815518285504864	-0.7373372519001493	-0.08230981473155906	-0.32060254925056325	1.2055563498114876	0.30089332139843344	-0.21192352813099866	-0.11814791480055399	0.47906741989213036	-0.3279918308570134	-0.591394960336494	0.03972443790554084	-0.18243986022771355	0.03553111155246313	0.262859162419826	0.3053007815764098	0.17279511410073348	0.0881343694912074	-0.06783938892699899	0.37188497891892003	-0.8165877172296889	-0.38466832626931313	happiness	05	vertexPCA_type-dynamic
4	-4.789499907788001	-1.8998021268687928	-2.447888809161752	1.882405074731423	-1.0687218506185194	0.36160299505327487	0.5545353700447037	-0.7375389465128941	0.7247161281874797	0.6024923284847877	-0.039190643604085994	-0.33668410855013453	-0.0816542557025317	0.4713294892550982	-0.23777353864071324	-0.48625790231506	-0.3588280957191803	0.8795552382520859	-0.4364539407931496	-0.12386851627343322	-0.23609486618970646	0.2695530949298997	0.3545560649606053	0.5320721550490006	1.2078833994225706	-0.5953942867993318	-1.2550848696284225	-0.4265211461697191	0.4531639507793576	0.3218519616210036	-0.5323225862204432	-0.16652963001214133	0.24152271338871262	0.7586071243317448	0.3624456538746063	0.5364795222275498	-0.7147405636598089	-0.43688908745652094	-0.3035633355675851	-0.014858400795405274	-0.06641598787064558	0.24569215182917617	-0.46036169104595603	-0.17671788314420633	-0.7554753905611448	-0.13352538139906797	0.3981153482758323	-0.014090168906708979	-0.06704982230349456	0.4998650161521687	0.14195883853627234	sadness	05	vertexPCA_type-dynamic
5	-4.746740629651416	1.706443143122972	-3.256609576379162	-0.9357064657551993	-1.1218719627776925	-0.3068840767206202	-0.5405330775426829	-0.9279352946559064	-0.20044628093287772	-0.36662008275935426	-0.190493577247841	-0.6329969636243703	0.4290108198677914	0.35755813102493045	0.9431529142566614	-0.09661440012320688	-0.2135913543979697	0.2721169493977424	0.8218054752819112	0.25340983597061956	-0.10460979797570553	0.18883876710502412	0.6523023265019604	0.37293761316993845	-0.8388522252792826	-0.23163802215560142	-0.1756168383316221	-0.4742228086572288	-0.9120380649550363	0.532988282270459	0.2202080761153872	0.4807883875992976	-0.181590296863007	-0.3417369104323771	-0.10409816480838253	-0.6523749153507201	0.11132097168621753	-0.07178860965609507	-0.29253411235190113	0.2870617422247043	-0.21019711166559563	-0.14377247687437358	-0.1845541809998181	-1.3135174777605594	-0.5543017061165348	-0.6444857592016308	0.8171791319268498	0.006657920055952112	0.1310248621652743	0.17055287538366357	-0.28055597681843836	surprise	05	vertexPCA_type-dynamic
0	-2.1370163504580835	-0.6992960240941117	-0.5668425288534121	0.013653799743405033	0.8232677938189619	0.12527294191200145	-0.370861627430773	0.10371737892886605	-0.37381162323174805	-0.4650691108602553	0.029789534235428548	0.6175698579340577	0.21779196625182384	-0.2723040308157747	-0.35079542175634965	-0.14727881204160556	0.3737793672649973	0.02989319090678556	0.18911973226773032	0.08013116528192142	0.08526603751362576	0.029609563182268893	0.1540061025150599	-0.3072397696741229	0.26769306406678717	-0.552642587820605	-0.0022675241732447392	0.07763837737528405	0.10973788641100944	-0.44417840264047004	0.061690160245287944	0.20201038024902968	0.12017612595117026	0.3662934836088757	0.23220351934001948	-0.13059273328567567	0.3265749966969727	-0.29325722631991974	-0.05398796451532677	-0.1456364123037535	0.11198935379735049	-0.029003635142174748	0.26606434222889147	0.07772554841227387	0.09274988799671925	0.21999065919451877	-0.35090749433635743	0.288592977231361	-0.04456774181532709	-0.20135677572259175	-0.026831353912436583	anger	06	vertexPCA_type-dynamic
1	-6.178130656910969	-3.0553192502078783	-1.0344466700438784	-2.1379453023915223	0.4750976833484438	1.028545132668128	-0.8106585540353616	1.4604422036887827	0.644987418926506	0.07567055503005159	-0.46612319964106247	-0.19801646842800122	-0.8793842590718648	0.5560598531118914	0.864074296197254	0.7180776048481428	0.6614425911529466	0.33431266353604	0.26044606553774496	-0.9990984400473623	0.2583389621679617	0.7299409847477503	0.38649693136931995	0.3936590134677998	-0.7457704710559543	-0.6574457656268254	-0.2695376809290256	-0.5673271444995721	0.3608056848592328	1.4115358112528904	-0.156211543213205	-0.35376923260050164	0.510676154541139	0.041042184443749276	1.0152601976991174	0.33209720201212456	-0.09420861606485785	-0.2413018229443911	0.5359187931280139	-0.5598461191078369	-0.6882775160176213	-0.5105301822320533	0.5544558010391418	0.14362072704968867	0.6253012133760251	0.3124778168017173	-0.10833567979442499	0.07950532313511084	-0.24704928737398024	0.642449037095055	0.027229811744933538	disgust	06	vertexPCA_type-dynamic
2	-3.988837288395932	0.45405153622303307	-1.2287630854682592	2.114453142734502	-0.255676617027845	-1.3716989971897429	0.2606043769838244	-0.404118464093325	-0.07708014019247768	-0.6755816084997421	0.6736248657422069	-1.675331366435075	1.143661238278842	0.43232523535483336	-0.8614230558893141	-0.25820055394596403	-0.15361021546164721	-0.11576704961546908	-0.40181013479901895	0.22132598209065107	0.5726740292300205	-0.04604794987530564	0.531939967995264	-0.10903387126177405	0.6310220081841518	-0.08906223477994503	0.37582795501591165	-0.555344051176805	0.09183887078195438	0.11826863972759526	-0.22051528808892001	-0.6107593503914847	-0.5745284400420587	-0.08161825742164001	0.016106414843133632	0.4775842291182551	0.13864307236062465	0.25305740528664256	-0.18963902185428572	-0.4971307223218541	0.042056546560176725	0.43572083355579194	0.4133018117999515	-0.09371403671336971	-0.2513462896412592	0.24442487940319402	-0.002442857984491315	0.5189678246205013	0.3913016161143304	0.1071851897683123	-0.1305953884289952	fear	06	vertexPCA_type-dynamic
3	-3.7698494147811017	-0.4968202317605392	0.7979628421510457	0.9462918265289492	-0.6326821895488112	-2.439126586281448	0.31786632305422113	-1.1463984376126424	0.49476931727407175	0.9547602770715816	0.378746162411708	-0.6193152522679686	-0.01509669866972539	0.4166072198954111	-1.0189743846446548	-0.49544056724562274	0.10991203070117984	-0.9532245614681613	-0.08484891149077779	-0.02807632872783962	-0.2760343658148192	0.22561937581210503	0.40808557931985734	-0.9565725189705451	0.6685858314979138	-0.02796377448651095	0.29398099391268034	-0.5538583931239244	0.0692375894161261	-0.048174884190349695	-0.599577643648693	0.10251448207129178	0.5381064359435774	0.8429075329612301	0.1728283469444582	0.14018352484997895	0.07715306076422855	-0.06854413458940904	-0.5441715529610819	-0.1812359724419454	-0.1671534858623539	-0.0704921219876749	0.3857006524231067	-0.3996128369142703	-0.09992965642400446	0.011201389288429585	0.5258635675666524	0.007025899033947275	0.6466499026541058	-0.4904902458282105	0.223697303686745	happiness	06	vertexPCA_type-dynamic
4	-5.742141426144192	-0.9474983699324458	-4.252212741936813	2.536230517742636	0.41659006692867484	0.5354206309349366	0.3737958673135225	-0.42726296210865905	-0.01780450452380999	0.6778055513077418	0.6951951558656491	0.060703084845644684	1.2026610030699638	1.0351862577735753	-0.35567647973736105	-0.8632861744584374	0.13111437966678488	-0.26446306731569885	-0.3401629536129962	-0.05804902106425864	-0.9074947138398964	0.6806584845233202	0.2212864521538808	0.3042192719209212	-0.03741190768876021	0.9556811002631456	-0.485614307936054	-0.47212420666391536	-0.34128111171115905	-1.3291935496250205	0.48017562890353993	-1.7821766467592992	-0.02346900217986766	-0.2810752349274282	0.08894830105009868	-0.3231289861637066	0.2648555115669414	0.6010262955470882	0.019048925352265832	0.45163066488404263	-1.4251695116820966	-0.3126212976985132	-0.4070246654889831	-1.2809377172594905	-0.40594580186261936	-0.031968591557361425	0.6885558434363551	0.9752468096763484	0.5606836309345746	-0.09107589110469165	0.9950606250646671	sadness	06	vertexPCA_type-dynamic
5	-4.524643072405069	2.83333026259964	-1.689181877564883	-0.3481458113907231	-1.0788751608468201	0.24469513563057266	-0.8246420134678805	-0.8136126173338016	-0.05987468489867085	-0.016378820253346752	-0.42116834344505416	-0.7588803892086404	-0.22030036041254672	0.1711798371448284	0.5083686509529475	0.11114283382456781	-0.24813404014191312	0.4202472081755077	0.6262621743418021	0.07434035590833842	-0.7787442640936417	0.16760727940117282	0.5221200162457201	0.08000247060532123	-0.1982019270807573	0.4593558543235828	0.1556914839127184	-0.5534225870798717	-0.2644685476866498	0.7925445447956477	0.16236833875608522	-0.09659063681116979	0.11364038767335435	-0.05919681734579368	-0.17757973749852038	-0.028358181882484502	-0.19129505114407175	-0.36386832696738075	0.2327725676418882	-0.02920901320834132	0.2028913988101688	-0.05412064951934151	-0.030409473886197386	-0.31949900259601427	0.12211961489010341	-0.4682774910714447	-0.10366360471659598	-0.8595962597562444	-0.016066061373879018	0.38901604640854986	0.056748770950258105	surprise	06	vertexPCA_type-dynamic
0	-1.884197578254551	0.2896228926811164	-0.15604283729374832	-0.673768273964953	0.5158271375471492	-0.18249866718135974	0.048124265444181004	0.30241026274614574	-0.1836581152148398	-0.31590634280912777	-0.11095617111352857	0.09982481120011569	-0.30451435381432734	0.08908886360560159	-0.20773164013496495	0.016877139302743656	0.059713373766695055	-0.03729079799687873	0.03659568538730709	0.13088979894139283	-0.18750451944182372	-0.17918374658839853	0.046159361873226466	-0.2953703876481662	-0.0700513928842898	-0.10288657602902357	0.04843970829358295	-0.13734449449222594	-0.042085872453176035	0.04026080164937474	0.04162994959135879	0.004188438912085978	-0.18681248100168688	0.06995364006488172	0.26364663253140824	-0.03341540599663217	-0.11325653145075167	-0.05284399930040496	0.23009818873513177	-0.149964209367532	0.014819514611870142	-0.34529523460468875	0.1664284243942497	0.17588445309695533	0.026278823319560555	-0.1904467974595647	-0.28613233623521955	-0.09044951957095054	0.07434685536612841	0.03456406900074503	-0.09731786968856757	anger	07	vertexPCA_type-dynamic
1	-2.746038378838016	-2.140386988788606	-0.267468648769806	0.017070335375210906	0.5102451517642733	0.27896242185797965	-0.3518532550278789	0.006611281436569073	-0.04687361563741185	0.1506238912021232	0.3044879579568656	-0.1547445848997615	-0.004974454656463747	0.7860145408624336	0.1975116939781157	-0.2691592383909089	-0.015046975350491433	0.04678277360372487	-0.29213734879745773	-0.17159327508313324	-0.3784926069100193	0.3091916176515426	0.022577751072623973	-0.05111185689792033	0.10321593940434308	0.32436943685631997	0.05073819800942357	0.020446272672967516	0.21447685471222402	0.24406154612248115	-0.5492250479612081	-0.11165042180325618	-0.17247486976293624	0.3542109308978346	-0.08037809274265405	-0.09056023346459091	-0.0038908123749150257	0.02594367480204678	-0.09761794338303335	0.2418060281440073	-0.008616744446344075	0.1132237665558211	-0.08279893012955514	0.04174065504065447	0.43220339649812906	0.29526690350562484	0.16249302160233406	0.24745829043210782	0.146288280627171	-0.021684951279718992	-0.09891557074652602	disgust	07	vertexPCA_type-dynamic
2	-2.223456488523502	0.8409552301975514	-0.14631028941102112	0.4780051845413146	0.18735129914603024	0.049224399782158194	-0.4183309235302632	0.05688981488894112	-0.1638172166977738	0.037534109562786806	-0.19239186276194642	-0.046069522681465275	0.3567527744596648	-0.05848735489117811	0.1781600934719828	0.05570447711598361	0.055813179196349295	-0.055456045842769655	0.06691657452015874	0.2074140856005067	0.3826851995879773	0.2795305021924579	0.32330407485392976	0.16354412604969867	0.03868123521256181	-0.18333038864561463	0.01307512742269352	0.04065343835572587	0.02771754276982209	0.23813180407071524	-0.24338904968824582	-0.06299657250729856	0.4021143636373404	0.049975920583229076	0.10852618438763591	0.00709503832270075	0.1972296521477227	-0.2725790254535358	0.12123189711737935	0.04515357658374462	-0.26100088709435804	0.19337076924563243	-0.08132623026093805	0.19162738649759384	0.0504676654203803	-0.049087147131852936	-0.016130179285609825	0.22305889038432977	0.06250916365241131	0.1789882735513616	0.3606062744658296	fear	07	vertexPCA_type-dynamic
3	-2.393350655087458	-0.2222324857364516	0.45916592164292064	0.723199987138448	-0.34199730864738287	-0.7581243244723388	0.39144932858236126	-0.79267656632292	-0.3204277003344494	-0.12371273583648267	-0.389624689528503	-0.052790320691112995	-0.199318272263433	-0.1094793160929827	-0.005367005251973187	0.2402533561591544	-0.4064644522105612	-0.22020637719184674	-0.04838557317214269	-0.24924148451433248	0.004802306333703556	-0.10131496479503527	-0.12268936050592626	-0.2508574197144346	0.048243476575901056	0.15381870118506133	-0.008257902756462985	-0.05113237468921463	-0.08023953466077603	0.050376550679609416	-0.051115678552567594	-0.031436884116496144	0.0428741989805555	0.019712638067642226	0.09563591480282979	-0.004641919189167442	-0.16240249091708006	-0.06380763204262795	-0.007320932841818773	0.15353914064225005	0.010137961878006745	0.19828274431241869	-0.23808819805798	-0.0866094728296354	-0.08360417077110424	-0.09774307352607291	0.10862435800575393	-0.5093767727592181	-0.317097302125507	0.2122104415863777	-0.23303848022075588	happiness	07	vertexPCA_type-dynamic
4	-2.854283079320246	-1.621163077290163	-0.6967484853794035	0.5822404330211356	-0.04121431962913704	0.5746608627709426	0.19384419396902997	-0.2542188261621486	-0.3990088133950351	0.22220937762586723	0.1251473432304452	0.03249587043299628	0.22491702012135403	0.5206779180997522	0.2815826961978943	0.1296724208079231	-0.12480946255117101	-0.14540187905238253	0.07018294844793907	-0.31033752772689405	0.38932418539595426	0.19838735510041158	-0.2407659677726385	0.2482284446404099	-0.4613589921876107	0.21698620268805488	-0.3522981810154942	-0.20422914667515488	-0.10837087383370139	-0.27552786413612657	0.498014810215098	0.2864056242836312	-0.13127181020577613	-0.15868591563145526	0.5411654895053973	0.26067739344606533	-0.2759242534671919	-0.39665439609508957	-0.30662591204728856	-0.04042177875298284	0.2989906721219702	-0.16425364063077716	0.073886427985065	-0.3572471628439542	-0.2962153313865594	0.009250826276519438	0.1616601917610247	-0.20103368217512568	-0.2552275187632978	-0.2694887503223056	0.042427435707637046	sadness	07	vertexPCA_type-dynamic
5	-3.0605702922710463	1.062547401598057	-1.3290027244850373	0.41332838151339446	0.014266137916146372	0.40201935421609397	-0.27887032685504826	-0.5646357134636999	0.16950406779370997	0.4787779417234292	-0.24822560534413565	-0.11169038349527811	0.07838144059171898	-0.2613045523550202	0.2993664548736062	-0.363772418808995	0.2816889283396622	0.29141794473954596	0.21591475348110023	0.40040186950343587	0.07888695950038095	-0.35231238775080387	0.10210785321364338	0.23763211062659312	-0.4945954144015805	-0.4855765206616831	-0.1602249048667694	-0.029492116490101826	-0.11620259942274865	-0.06499200692114908	0.33696025144849984	-0.3624240257880374	-0.16883879127089696	0.010334488013182373	0.454118131276201	0.12289046250369808	0.3157785341308326	0.24898299748068006	0.06659263698330341	-0.3712262567111585	0.2550151611531141	0.37116329906865453	-0.05371941479572914	-0.06752685422890778	-0.18786409622355685	0.012363452841429298	0.043851221048739876	0.05130710678990092	-0.30567684197575246	-0.031088121410245428	0.3224177255223751	surprise	07	vertexPCA_type-dynamic
0	-4.4477258933571315	-0.6811150969256424	-1.619944062140408	-0.26090511634662766	0.9043607063250928	0.41845702571173143	-0.719180444220407	0.987560067314676	-1.0874121026458843	-1.5882050464973272	-0.05765890942982923	0.600917947599669	-0.6438152136865724	0.14493496129699157	-0.2246355008304131	0.18212080435470657	-0.24740772233438796	-0.11960190540813896	0.18984114373625402	0.3660620649116696	0.47617960871398657	0.7312183242872109	0.6424997611805874	0.3033255433374215	-0.5757902139442009	-0.39630441290326035	-1.604764637037181	0.3567191053347187	0.2668793423430633	-0.13833021816354052	-0.618816632307215	0.1319870565381721	-0.013189346799161583	0.17769987078378652	0.18223223563886515	0.004382618854413708	0.37776792558139277	-0.24788638037058505	0.45269925510308506	-0.44738665606199896	-0.06219120431033193	-0.12579397369789766	0.021529748407981452	0.3753496676750784	0.3416898801455375	0.2801840511233886	-0.24360451063471417	0.4356959145740235	-0.43743613001324627	-0.2771591896488061	0.29607078510473267	anger	08	vertexPCA_type-dynamic
1	-6.525507105080544	-2.7936201461385504	-2.0372739704484695	-1.4280979338864492	0.3264022904483215	0.4964086844325047	-2.441070093793231	0.6641492164715082	-0.32017172477924033	0.8682038076289678	-0.3208179400571429	-0.4194540140955921	-0.08589277075427054	0.47068251763872604	0.12728951726281376	-1.263367000885399	1.66519860827602	-0.04975740017701915	-0.12204952314537942	-0.42813699450141995	-1.2198337659792318	0.933192073861321	0.6032237310198365	0.24438178181808579	-1.4088638852121154	0.12553277190292708	0.13206535895946517	-1.6334399616961273	0.558358256853703	-0.18579211243765992	-1.0076171070951674	-1.4902368930831449	-0.6581702703141238	0.12459145406889816	0.5460148258275744	-0.9127417333698183	-0.05826386501979433	-0.33117073264676206	0.29724939461038935	-0.5101963975311814	0.03696306103831538	-0.8497401797644768	-0.665486766634734	-0.349830696410934	0.5532707679121533	0.030783956568642554	0.4035940324968644	-0.31307922469597577	-0.7204457915870965	0.9889500337877779	-0.49492239892416073	disgust	08	vertexPCA_type-dynamic
2	-4.4640986500975295	2.8813362234018367	-2.3745292996238736	0.3833124118308795	0.7502601229613233	-0.031663448868381024	-0.41990785522044627	0.5807903805962407	-0.5985011123085967	-0.22404814459757713	-0.09347856665365413	0.4554925082768147	1.0764846709141542	0.28210118965188974	-0.3784535261216206	-0.4339992334116498	0.4644035044247369	-0.03335132232643443	0.8485162872774381	0.024113426223553027	0.9907849000914232	1.0362542872603493	0.9012468261107783	-0.0545362212513686	-0.5441852756358453	-0.3814105186846385	-0.8531743144099972	-0.020793867534087466	-0.19069651623706826	0.02603504622610501	0.10253481818514967	-0.804004844269231	-0.5480804189857856	-0.07183424735239365	0.8989681842197637	0.06455891569509832	-0.25759957930245286	0.4525134508551199	-0.1879625180307155	-0.0052565752415527625	0.7921847170933063	-0.26058276380298545	0.2797470275644223	-0.1217560285711462	-0.48346134826986775	0.09601169462782981	1.0094856934023395	0.07023279540235355	0.0004973960998806757	-0.046919900170353815	-0.1225163847545314	fear	08	vertexPCA_type-dynamic
3	-2.4257035126460607	-2.672880898826949	2.1733964703834654	0.7796653586839766	-0.4753440112012744	-1.53110945166001	0.9321315547912546	-1.593615517397267	-0.1888853030960813	0.16448933967814297	-0.17514191922504485	-0.22669213311029185	0.041884030737212044	0.4587092534630765	0.09134865426662125	-0.22287523146777521	0.016329884043851883	-0.5968466756351343	-0.17235291486552343	-0.5386210448211557	-0.0814025956831257	-0.7314267596031825	0.054918185980403066	-0.9067884775600379	0.30096947710679434	0.794866312742779	0.19765767485875796	-0.1594684837520899	-0.7158337232006586	0.21759565219916616	0.3890977739203405	0.17093117381160128	0.05893770415643909	-0.7241697190807501	-0.295439967504709	0.18452521591060236	-0.16249954442091585	-0.555153861212874	-0.327925717226133	0.7830426592619076	0.8111675818988673	-0.09932349848957912	0.3561526857932382	0.13070990930180326	-0.026933978886727616	-0.3335715773583408	0.020873519951849294	0.1621819244480633	0.439661353260336	-0.0952978542704324	0.09888374187439018	happiness	08	vertexPCA_type-dynamic
4	-4.73915350659678	-1.0160281627586027	-2.7536530355533584	1.5563861122218154	-0.18619020345049864	1.7180647849983215	0.1960869663828635	-0.10515689372657036	0.25006792866280114	0.29447687333420536	0.3612901353572465	0.005276250532816622	0.6837950250240761	0.32963091021440877	-0.15191467850099538	-0.14478783705236775	-0.26837932915841484	0.12721347559723328	-0.4245638971031695	0.14248439172737196	-0.4956729962382619	0.3175273931842322	0.1268748845536242	0.4679193691499796	-0.36694193876169046	-0.08386728360373398	0.4129158478486232	-0.12421437476037714	0.04155410001463978	-0.7211080806501271	0.4934937788645394	-0.4400038319820745	0.45389504950739673	0.2808948621321364	0.08041404912289106	-0.5868596864009352	0.5716191071876741	0.08908206985848816	0.26747318734387193	0.15750045547726363	-1.3498947436545559	0.1034259675014296	-0.18882675126229856	-0.26980237423029513	-0.23349560221318233	-0.46428297083960257	0.39035803448618345	-0.07981109866596105	-0.017313830029803027	0.053597675695675244	0.17974707815145885	sadness	08	vertexPCA_type-dynamic
5	-3.7761797762170732	2.0731604045840517	-1.6587957010189287	0.7775899285661592	0.3086059089210594	-0.6189728902592369	-0.17446799456742912	0.5677496983945807	-0.13713909863924958	0.6539299758781941	0.30619246932048666	-0.7857828624075591	-0.43595135482546044	-0.09409846439508204	-0.22655783086245018	0.1796575931148613	-0.26157816346961926	0.1026627302496193	-0.22138918325768006	0.29579905093431763	-0.08119152994977778	0.40692658210525656	-0.2312652694838346	-0.5926600008975877	0.11499121126968913	-0.586720655960436	-0.08503652745812394	0.14994052807820735	0.05265002805042852	0.07999205198952003	-0.41259294267347707	0.9868405078024881	0.9027737016293002	0.3335916815954957	-0.09123366506662377	0.44421642502099706	-0.06306738850735515	0.34387474545425784	-0.2222403593454426	-0.3311360812093479	-0.22286910043524708	-0.16004382152088995	-0.21779132070916546	0.4543360216687	-0.244021835919221	0.21205259622929387	-0.747301335939538	-0.30990650034589273	-0.20904429362246904	0.25410212605863064	0.19396762190568886	surprise	08	vertexPCA_type-dynamic
0	-2.702607790141764	-0.40168359647697394	0.03512920548034835	-1.1651631789516588	0.6774542905697005	0.3807547716350676	-0.22830593864393126	0.010328754644785247	-0.6878380560501194	-0.8142968641146766	-0.12049343272605788	0.15073637021838202	0.01657434230364434	0.025030029097854053	-0.07859635749014444	0.10198193423720578	0.05865000679915719	-0.10601788252350934	0.5332863344560869	0.6001223073127434	0.16551925122288258	0.5568783168933185	-0.10532318797145501	-0.284179798067762	0.09493942168918253	-0.4543718990015909	0.07305883429466521	-0.03889280376365046	-0.011991087423053857	0.004599838949723752	-0.0360731476864142	0.2801493806245467	-0.3814733369272225	0.4299402186054857	-0.05177620802279249	0.1972067128895792	0.0685464127672473	-0.32568585730918514	-0.3524552448845849	0.053448842843686145	0.4102780742713819	-0.23640273377105817	-0.49626041599727694	-0.27525132242686107	-0.24578834606937858	0.6382293455206834	-0.27066340260110083	0.1817732342445314	0.11194631765939596	-0.014335362064108396	-0.15909008385795775	anger	09	vertexPCA_type-dynamic
1	-4.481899150123699	-2.060664735301808	-1.077454025802336	-0.7309389767111916	0.5350051630994836	0.5114251393717191	-0.7102033180253551	1.4091790292506514	0.2165923739318349	0.27909219873292906	-0.1668248464068189	0.23746853309626823	-0.39225441123845917	-0.40485321644747996	-0.290074998832062	-0.0724055385508431	0.4211565878563597	0.906013293585541	-1.227601860119378	-0.02983213816533403	0.11655905298085269	0.4665543950256245	0.6297778597656456	0.3023203351168784	-0.23973118198016596	-0.05007054587915772	0.03577492204851763	-0.635748855337788	-0.18285258091361226	0.08980769269829045	0.44012388885377624	-0.16311437729526865	-0.6945730905819673	-0.04584267506027216	0.6872793797232442	0.16058052030074063	0.02590285706587845	-0.161722723164747	0.2912371737505594	-0.40799841291402567	-0.17629260810116068	0.16167669697410514	0.07196850491626618	0.1354724991207176	-0.18981940241513268	-0.22567614629444063	-0.020734973280133236	-0.35417353566308035	-0.011311174999848586	-0.16626116063231997	-0.19996446899667958	disgust	09	vertexPCA_type-dynamic
2	-5.333956143805567	0.08998304655483996	-2.7206416436883636	2.1686720632949066	0.9822370510654528	-1.9481118322201763	0.2921665668964593	0.13843935424563367	-0.6781323972938067	0.17218202392574955	0.8901664479833911	-1.0335846640914068	1.0194129018293168	0.5197578517145159	-1.164037237805459	-0.14070134133499804	0.1779582186326556	-0.3735037976443543	-0.6980877097625604	-0.2000886928377593	0.1227186303643268	-0.3530703627888388	0.26751700763387104	-0.40156453798873104	0.8990410560151646	-0.12836567093735066	-0.7562305534861768	-0.6800632556907685	0.15331564904500536	-1.0341048195696334	0.5416014445306578	-1.0944427795457903	-0.5831846272005161	0.8586349080327937	1.0519061204441829	-0.11548028688114075	0.12563485437193123	-0.23664698687337102	-0.13243831223343291	-0.2670182312048625	-0.26893540506090746	-0.15272048321682863	0.6429466687547252	-0.07849163691274462	-0.15510865132678117	0.6080140692711065	0.45365878306797724	-0.09905580114886037	0.3673836908371086	0.07790064715407237	0.26460434527031373	fear	09	vertexPCA_type-dynamic
3	-6.541794739780596	-2.9860233588940686	0.8996273112512214	0.7477803988326452	-1.2360645878360856	-2.0482671849557885	0.20067312934402676	-3.2205984256348774	0.303843013953702	-0.13206335640524539	-0.9309911789660678	-0.4764351684684432	0.2501544179441313	-0.5898143754002372	-0.29615353266335015	0.9649380893321124	-0.07105084078640195	-0.23890103165729898	-1.7055233390181672	0.664338882577283	-0.0737357655366127	-0.11408853848770302	0.4084320552657871	-0.3541644716183636	-0.9620751008205002	1.8029641234328173	-0.2143216253713368	-0.12455940723147263	-0.4202895796751493	-0.38613901272372864	-0.4400110545101731	0.8664964025064008	1.237340321827088	0.3140505514945416	1.4194342493673533	1.3392691126870455	-0.6965977202053117	0.4687816488877113	-0.3726600243270679	-0.7320255206841231	0.3914870096114981	-0.4313099295506478	0.8184050100812017	0.37313678211707996	1.0120821825647865	-0.6538254649535219	-0.8651562943778788	-0.7108679735300426	0.28567893532696326	-0.43730570910334626	-0.7487973258332233	happiness	09	vertexPCA_type-dynamic
4	-4.134300608757813	-2.3234475134350423	-1.7108951953607265	2.199978771845537	-0.8011470039449062	0.6093583174360123	0.09838602496772354	-1.4512348573728509	0.32196125700104283	0.6920306424188759	0.3467468663125579	-0.8334902670735248	-0.22112449132116774	0.6588057530001253	-0.029346300467424005	-0.3667980258208628	-0.5660716542569929	0.0005574846697316075	-0.25792703627019703	-0.222365391356654	-0.18875982203331876	-0.057831172963146237	-0.037453298770883776	0.1679597853130853	-0.04303857066911799	0.37629476793820926	-0.584122425900368	-0.49648534265477146	-0.04530230702018568	-0.6179613993294041	0.11050961649591123	-0.28504800317445883	-0.13074296650794404	0.4718966605633122	-0.36609843486667093	-0.14983557677601347	0.023992071780495564	0.5467909681408168	0.33000170270810947	-0.19772971552030927	-0.2641131357709196	-0.06265922187437313	0.07441553435820941	0.21806928101793976	-0.18161805209436824	0.2953748441745025	0.5846342767002143	-0.023807600110927165	-0.44769927593727504	0.2790765021761627	-0.3814860970420504	sadness	09	vertexPCA_type-dynamic
5	-4.572775572654806	3.6893171774668954	-1.0963175899318613	1.2503894015282349	0.023082503785723855	-0.2795833944752355	-0.9885278408774799	-0.7905939933828223	-0.8088791278551483	-0.6431118090982778	-0.5291100485375746	-1.2169835566137872	-0.19741951266049576	-0.8506462678219201	0.6845716920479171	-0.8727651180950551	0.686455716322881	-0.44171084543386097	0.6446341934433747	-0.17848030688102895	-0.35929518838323105	-0.7202833279998531	0.9301935741986397	-0.002479771700470756	-0.4659572153970142	-0.6513814087920707	0.1315806261297898	0.19391769128782607	0.21699111254991943	-0.16936051642481334	-0.7723193583036465	-0.06408523084632384	1.2673618169811507	-0.5999504916305458	0.7985422023933364	-0.3060181674978218	-0.17267379477127773	0.2910253831973461	-0.3382120307147251	-0.39047908547153015	-0.5406447911316848	0.6942029656332745	-0.10067717593762623	-1.119111025996627	-0.22074902413843855	-0.7492856613677786	-0.538898803622359	-0.43626119898507454	0.021699728429347868	-0.6132819883198816	1.0116583019285528	surprise	09	vertexPCA_type-dynamic
0	-3.4579908175581395	0.14006990910540076	-1.7851568693148747	-1.0273913108401589	1.049671048889338	0.8431137414396417	-0.2189748222416671	-0.04709963208864822	-0.6570388965574648	-0.25460339122733827	-0.18698818689961288	0.958718749400533	-0.34184180022465616	0.17615579676216928	-0.23952886904475082	-0.14158863557224766	0.4638640101926578	0.021005276188688523	0.3370661055281696	0.12792955905717374	0.06789487597389782	0.5302414791059412	-0.000513533727938588	-0.569998963630747	-0.18819829496722196	0.23889660070237068	0.09978451277659894	0.46491868310535495	0.23512056068851425	-0.4720460285967865	0.608679025557784	-0.1496672326534605	-0.5670409604629271	0.7855159327758143	0.3684055057125988	-0.31608144367185464	-0.015799122230866217	-0.27744079354196693	-0.1641817888839063	0.018311265598543573	0.3630407614455067	-0.545553564414272	0.41280315907227105	-0.25560529783446295	-0.7278285777981082	0.43423548333034545	-0.3350924064072881	0.1395277040427506	-0.05349020058326556	0.13002728391680665	0.09355803903594583	anger	10	vertexPCA_type-dynamic
1	-2.7041215312873925	-1.0930870379692132	-0.15578292779179703	-0.7532640417181483	0.5795572976939438	0.647473332646697	-0.4963758313804387	0.9942785324925404	0.38377499896025336	0.4098168100650903	-0.26142687894497024	0.164246886037983	0.18336033355829465	0.7278688333893147	0.10214674151044945	-0.31201288787898923	0.36830236495777763	0.1531369852835823	-0.1805719059302519	-0.460840866515303	-0.06945091035225762	-0.026170641105960662	-0.2323616874447059	0.04267422290099984	-0.14932762471296843	-0.3261719024274036	-0.18321010152845016	-0.023802215216840637	-0.5129426189937472	-0.15506972998447346	-0.056430133352548296	-0.27844529408325064	0.19512745929736508	0.11951664546009337	0.26694841141354453	0.13348910709097464	-0.07268611858354722	0.6618564161659813	-0.13507684397596922	-0.05925660433749668	0.36274207739998665	0.39614422584950193	-0.04513833931036882	0.1556791519628931	0.41436694353742626	-0.31902454136902475	0.16771881007788114	0.4634608198742305	0.28466875961509785	-0.36117201698049917	-0.18487954041520635	disgust	10	vertexPCA_type-dynamic
2	-3.634172901070771	0.8103216588490068	-0.9435880583576514	1.9661978773431696	0.5940859325068711	-0.44729102763837864	-0.18481191426734217	-0.31520247609450175	-0.5388347486343915	-0.0009826375173679581	0.6283419211225393	-0.4482640180526307	0.4681053173656106	0.0849913403948701	-0.5060920807777259	-0.12496794281247685	0.4012909472836435	-0.22626256714502685	0.18519293733209355	0.24918705939501243	0.3235307949771374	0.3447039520682289	0.2677235159927588	-0.3360189058054026	-1.1373586014272936	-0.26429652862100306	-0.5706141775732776	0.17622895919958065	-0.03247777647444131	0.14493360689547916	0.4043956313053457	0.068164123203889	-0.767866564904699	-0.09075284337629044	-0.03159606417050665	0.007867204461995951	0.02440399951650325	-0.4365993330864154	0.3720269074883594	-0.4721555362484319	-0.25774864869194053	0.025937556068343207	0.09477217689679131	0.2174437415994403	-0.11395123157629415	-0.03977216753104881	-0.23017318889175697	-0.11325997795703201	-0.018967853911889206	-0.21367220919361174	-0.41595157518796816	fear	10	vertexPCA_type-dynamic
3	-4.970688724698718	-0.738347042285099	1.817319069557576	1.463527941717151	-0.8228369656349386	-3.3159109117082135	-0.2334569426508818	-2.9793237954224816	-0.03740596230381933	0.14946778061480653	0.15959583930487933	-1.6435618203651956	-0.5595378932965661	0.044107438209834406	-0.8592405648999774	-0.9313915700262737	-0.3614242463438413	-0.9062219333991142	-0.054095953290214424	-0.49893795502415367	-0.08723062748468179	0.18680304430709632	-0.1551174195011402	-0.7965439153646287	1.0118778971102858	0.46279737022108286	-0.15637521250208986	-0.9484620352965106	-0.3374142431450737	-0.3237619832863066	-0.18367778508664162	0.41294627318389077	-0.020560453841264748	0.49891618394805237	0.371894376320111	0.1338955807160773	-0.5303938797621884	0.7095727492231907	0.354785186166666	0.9521309619785111	0.8573038252396262	-0.31588865629601776	-0.3566703414236017	0.011839378195487747	0.4257583446184862	0.30939990010129376	-0.45085030157498296	-0.1986627011087589	-0.11357712758615918	0.37703286522406637	-0.16579141243565418	happiness	10	vertexPCA_type-dynamic
4	-6.227172855426148	-3.44333700200294	-2.3736965143826523	1.181770653402979	-2.2784427468969506	1.1798236252879482	-0.4492005086213576	-1.5190632808102746	0.8564463886698094	0.17135837452723698	-0.3962460632215397	-0.4646797152053655	-0.3957534551378288	-0.9492019194370439	0.2764590145530184	0.2968912718257862	-0.026390043383370646	0.3934399241667159	-0.9875877155997205	0.9296516276355932	0.022517591419813975	0.2189699338762307	0.5087056992568583	1.9825163157587509	-1.2070359543469957	0.4855457849888859	-1.158944056723893	-0.8623703212087281	-1.1929353329332062	0.062019204261279326	-0.6945468091187336	0.38659086999736786	0.7562122797326318	0.5177238033822128	0.16868116755946974	-0.09120015630223241	-0.08624823505808445	-0.41818651511609134	-0.6265510721717732	-0.3089384222613172	-0.22551988919432117	-0.6445807909545347	0.9745926095317081	-0.47078063241249896	0.580022282224041	0.3969607669819487	0.42950307792202175	-0.19350479942486729	0.15602637055110727	0.20739491027797632	0.14580058103392635	sadness	10	vertexPCA_type-dynamic
5	-7.518845460360165	3.2876413591862383	-4.385934517601597	2.1553150720615695	-1.3678034910842498	-1.3993127532727667	-0.19287500118686648	-0.0021698526741584494	-0.36797409617300336	-2.5787834368228233	-0.08340776644110467	-1.1317576996422825	1.2612215805017284	-0.4609381444370653	0.3679041880190639	-0.27723698957156356	-0.3870364555429901	0.5891639898327323	-0.3062253140360021	0.425879879576006	0.6507084578184171	0.7692574120920309	2.144274058571916	-1.2387134114422593	0.2995885128829449	-0.31053052541378173	-0.4740514996299345	-0.17654592773041117	-0.9248123084152265	-0.5835874689088171	-0.476575862478389	-1.1862859816268527	0.20994437155705126	-1.677683392572135	-0.20561538655631403	-0.914561307775505	-1.052463772422029	0.44867256240978987	-1.3141331479956013	0.28855226167866804	-0.16504796838221444	0.8153660828120247	-1.1224041893858365	-0.8948211841535131	0.03698772120923491	-0.6078092477686208	-0.06856236295698066	-0.16958747457419832	0.027651083931071834	-0.4887304080140975	-1.1110536548746557	surprise	10	vertexPCA_type-dynamic
0	-3.190242206374744	-0.4081947184254702	-0.10852030513686901	-0.7583758446145435	0.450577037590108	-0.6633558441874056	-0.34197281106802097	0.3222179385498125	-1.4557358387211539	-1.6171533718523192	0.12490874938089118	0.012168135195989917	-0.5611144943109225	0.25232993496454265	0.1869992634494843	0.2733523802303386	-0.1321665204064909	0.18970027009648763	0.44135022613934827	0.25263025647018117	0.04405423144919671	0.3315289702718448	-0.08803951045800915	-0.5069664577705929	-0.2295647569613034	0.26690520383195954	-0.06357283317911654	0.2871217936921333	-0.22107779311233958	0.12876831238048736	-0.18070078285063926	0.3542273094651305	0.30036424910414966	-0.09276061352766321	0.10976799322338936	0.10806459688135578	0.14398200698588856	-0.4873207676027674	-0.014137627074590984	-0.18381334118264786	0.020102413277332417	-0.0920983050945434	-0.6006137846861326	-0.19696622366305644	-0.09055468499137659	0.4954635512228127	-0.4570429399825974	-0.2837471426897337	-0.021553928567963784	-0.13917088133087854	-0.12162304824615862	anger	11	vertexPCA_type-dynamic
1	-4.301896214166802	-3.772688090170784	-1.0471183579518346	-0.2812231684712571	2.0189975715827213	0.5962160693029276	-1.097587372232213	-0.10864883688195218	0.17901839918382823	0.39779907381423113	0.04617646250228056	0.0973942465077163	0.27081904206673796	-0.3302925232492445	-0.25352543676610645	-0.27710701028117063	0.31294190428618324	-0.02975709683346806	-0.190705932216186	-0.218805858704879	-0.09336666682334166	0.18540097073859285	0.1367385872321022	0.4601327843982481	-0.14198693784815045	-0.778436479709795	-0.1744474315007535	-0.8290608151024936	-0.0034495978120349107	-0.6604802999226469	0.4488770129265138	0.06155612399970068	-1.691239662246292	0.418722170637887	0.38002430826981326	-0.0677205108853211	-0.9073180427785662	-0.09149596889321542	0.6932033100165301	-0.5577985058421366	0.890567566146705	0.4946783566061873	-0.04763540265925661	0.16670181479662596	-0.29344659604417417	-0.13443646013324614	-0.1253691522644282	0.17150911100302443	0.017215982323388546	-0.11326259246679254	0.32021005510693007	disgust	11	vertexPCA_type-dynamic
2	-3.211105212451891	2.0253943150033336	-0.2668986712287947	1.0930716485641667	-0.21383891843781938	-0.3734541611897461	0.3876784052827416	0.3265850364636698	-0.05734623182120273	-0.018107648336598562	0.33503595331990893	-0.13959202874394802	0.7302873526787625	-0.08202645192569495	-0.27862073577705615	0.30005242968381207	0.055363011451349926	0.46357506819735955	0.3711621679084018	0.08810304565797705	0.2004459362429418	0.004839420301550434	0.16703316025898285	-0.11262634172593104	0.13991448205864773	0.08763832307051703	-0.1010250945120834	0.12933073557832883	-0.12018635440218488	0.11968957121673661	0.22861491086987462	-0.014136726897164005	0.20571271594431445	-0.0033666623169926195	-0.22987861557273795	-0.1509611652740653	-0.31421802129358484	-0.2497259575708643	-0.3246932665779631	-0.036449939846068695	-0.09868396037721965	0.05098397702313846	0.13046737361767083	0.08680811825801174	0.007596693984026062	-0.19207006045014052	0.1703839423353608	0.228614963764901	0.18147921300452072	-0.13561945691054728	0.13314709508991396	fear	11	vertexPCA_type-dynamic
3	-6.799124951465461	-2.764646594811664	0.18779777735209852	0.8550655553138469	-1.00216080941064	-2.4459591325040093	0.5304971627721663	-3.29314017539999	0.3899165337814814	-0.24575049707957347	-0.9084259430299784	-0.8716380232937978	-0.5392208802962682	-0.5959059774117818	-0.8864464816477239	-0.013540203642053774	-0.19169487282966335	-0.7414598450544299	-1.2369438202366012	-0.02363829588351778	-0.4347342472676675	-0.3773494210240995	-0.6650319554653741	0.08367980276552146	0.48887699446556837	1.0114617369230345	-0.0011113980946353555	0.28678464074326293	0.9208474658230301	-0.532962005824814	0.08696597931530826	0.32988501789190733	-0.3930034691032984	-1.3333510768613492	0.37440868864123966	1.1949807588725614	-0.43403152244961496	-0.05828850531224904	-0.30953935100352153	-0.6173648466967028	-0.8314547695847945	-0.03956882253001039	0.7472423615201705	0.363860076910526	0.837535525790969	0.5013078843935458	0.1580580788887964	0.1454400135264637	0.47305061299112855	-0.2802999528306102	-0.23578091750344993	happiness	11	vertexPCA_type-dynamic
4	-4.455349242914054	-3.179927083204228	-1.2719187218067312	1.6283325622277696	-1.1445963951609346	1.196772944084074	0.22856206606152316	-0.13769051683668632	0.6731866587367894	0.13400969878052404	0.046386644557433625	0.20618060650407666	0.24314409114957525	0.25673067886005874	-0.13868609589818395	-0.18421414655792534	0.4819247066726949	0.07430198373380482	-0.7285007451703095	-0.07580127661724424	0.0393531128616589	0.11817963224395221	0.5714408411740753	0.4848294911435575	-0.20263743975322895	0.2886353171549274	-0.15741546341025617	-0.0163111676057668	-0.46532719532939576	-0.31910704281586244	-0.22968069699348345	-0.10151755166143063	0.763652973241604	0.7578040261291136	-0.0961833032041895	-0.46053573845929435	0.3423194939357516	-0.11490637141367431	-0.07317067883831042	0.5226278763720061	-0.20083722118910466	-0.34292585571805373	-0.02092294990269754	0.3114437021080361	-0.026001609948134122	-0.049512702031416465	0.36292752692244856	-0.1278052658539877	0.08372705384843565	0.09630069213130829	-0.1397393183476692	sadness	11	vertexPCA_type-dynamic
5	-5.051910289066599	2.4570536063544903	-1.9621319044210193	-0.1868055971419989	-0.2138757600469189	-1.7056073210948923	-0.888568260349739	-0.7250353253884412	-0.9269648069334836	0.43441754645608843	-0.27407721948481983	-1.1135419512080913	-0.36802758889839304	0.5561346200711464	-0.30496154514202806	-0.46072058187702924	0.3571144538824069	-0.6202032698003209	-0.07809228618786263	0.08795751433978008	0.10452438637859805	0.6277301591577712	0.41037713063776293	-0.051653059336435894	-0.5700203618518813	-0.6607029180998167	-0.09811230976782355	-0.7587369835989599	0.6793065928504217	-0.4846067225750854	-0.47633196069592054	0.43014063988542245	-0.20858704263429462	0.5800871527248925	0.7583039379294959	0.044369382873857915	0.29648090426282814	0.20916342524995804	-0.1762175890354476	0.0809045191637389	0.2068511880905735	0.26052714949667877	0.6027965251459567	-0.16406487457245497	-0.9589789823968137	0.6393746508670263	0.09778624552289181	-0.48495380522092063	-0.3001971000082299	0.7124188942202017	-0.2459379924391162	surprise	11	vertexPCA_type-dynamic
0	-3.1070922344148415	-1.8194575781470328	0.21666623763155027	-0.8798371559697529	1.320285001493688	-0.13917011285580994	-0.3409992808840516	0.12142110069856392	-0.8873114868267271	-0.05356116009881797	8.166328382083922e-05	0.16235399519403518	-0.3155368302108634	1.1143251157708638	0.1401675333310165	-0.12475387096586128	-0.03985975270250632	-0.3664739969451539	0.19718002191498596	0.46943293685491966	0.17641231247270867	0.4786790135748897	-0.19179888111269286	-0.6635927631703622	-0.2794005105814063	-0.007081328111536761	0.14745058955562665	0.10990228234746317	0.39479080165779357	0.20205119014354156	0.28280332169033506	0.3639045109505761	0.56805222516895	0.22715753745353273	0.37093452401423044	0.43281495581851664	0.1688873426062686	0.040559288986838436	-0.012905468848170384	-0.011620331175162375	0.2648757869884183	-0.2767623911033227	-0.2949118705008197	0.23871003531331328	-0.12112791296304279	-0.03363551001105401	0.20515130909729287	0.035023007641035046	-0.45263506194462105	-0.03165690966700044	0.06761681764418206	anger	12	vertexPCA_type-dynamic
1	-10.017894328844141	-3.2423490980612026	0.9959233570693974	0.11824127984040635	1.293071913649597	2.830170484146827	0.7438653263389199	0.7823995735685498	0.9114575005870038	-0.5079571250953646	-0.27172424338569096	0.9903605345396889	-2.6869262245406826	-0.9755898066397215	-2.0493658819564824	1.1288623350494331	0.7902994145881763	-0.8748417323993181	-1.0271654220847253	-1.136363819721464	-0.2525411108450523	-2.6758705930095363	0.06996576465760997	-0.6768100249771527	-0.7918627820543851	0.20475562287184335	-2.6812767075877626	0.3445995443657825	-1.130706435488104	0.5905422099796614	-0.36050700156463933	-1.2991991500264095	0.2911117978409204	-0.13906070574555332	0.022791905412893786	-1.1447085491074498	0.5654473493114357	-0.00640290025015289	0.8054550669491691	0.1922746788877458	0.13712239758910233	-0.8743091067588955	0.7409426651436823	-0.4131214419649899	0.0482734874446485	1.1727889592902974	-0.5724457121080202	1.2912562622721244	1.3856579936398372	-0.9743271294323665	0.2421580734372479	disgust	12	vertexPCA_type-dynamic
2	-5.784784969483895	2.113771424432686	-2.8107052580723204	0.7664029485394566	1.3479260255339767	-0.2071633647202886	-0.012889517401489718	0.21511742789310417	-1.1485560504217915	-0.06667839057142105	0.09301910987390391	-1.07606144618319	0.7447214518156584	0.38982931706708984	-0.9413187055160678	0.06790717137356125	-0.1027839350707614	0.4900405492940811	0.49767187968792326	-0.9071690058030792	1.8438951016657656	1.8124405943323803	1.2281430939366933	-0.10724055957822577	-2.3725355732728435	-0.673965644805874	-1.5314345977463972	0.22829609620212896	-0.277134897956902	0.14211792064768136	0.46322977378346075	-1.4897883549117403	0.06111607955968259	0.6976585817352766	0.8748919771501653	-0.3339973565844376	-0.03531795862911024	-1.476381192082483	-0.331753070583787	-1.2571238927132777	-0.044840957834418285	-0.1171204787947408	-0.46426265190440347	-0.2687345866480262	-0.2709421671383768	0.19364332606388893	0.21965233350582508	0.3348760101084516	-0.004059354798047493	-0.033158257573855786	-0.3063692684813831	fear	12	vertexPCA_type-dynamic
3	-3.011446294414891	-1.3305832997411204	0.066612591755086	0.8304432248042843	0.23170578835628683	-0.9601698892066396	-0.051119990781331566	-1.1878948931860842	0.2719357726824399	0.40695416902530523	-0.3478907250425822	-0.1890361505200033	-0.11679885459071922	-0.05461186012158236	-0.08888482502235812	-0.2248320023776339	0.03526227476401764	-0.09819296495545457	-0.5100533697969158	-0.011284013823119408	-0.27046576042634846	-0.42396167465851353	-0.026531555797440334	0.25458593384174605	0.6785657861292319	0.1900819041181225	-0.283464700576797	-0.2286492051991613	0.20826829611812667	0.002962988941705152	0.39457520498314763	0.28359232624740477	-0.4566491170882637	0.4887636892728064	-0.14056581992065095	0.01751362078034013	-0.4023586201152801	0.11804278930547339	-0.22627296504770075	0.3382923542262015	-0.3595841143629662	0.05919462516120906	-0.35529578408042284	-0.423876877708613	-0.1369469295198886	-0.12109346107354911	0.17414938597556426	0.19439048375425688	0.07408173577871226	0.017994449282627212	-0.12091949023071238	happiness	12	vertexPCA_type-dynamic
4	-4.073546509977574	-2.953274595333204	-1.948388454695511	1.2125951453593335	-1.2653053842929578	0.6591628920712647	0.20926772408048294	-0.8472450241976058	-0.03467307860212188	0.15755818263827773	0.10039463314248499	-0.9018270589182439	0.3678236189305533	0.3171314018186883	-0.19786157696357168	0.040557943304515905	-0.4642588965057564	0.0792879469062457	-0.46219129886096977	-0.1446548964610642	-0.5978831017489484	-0.1253208848243018	-0.09901194000518405	0.4282712268196721	-0.4553423252030699	0.4706479486431619	-0.5136201900609959	-0.6918016723341448	-0.3324338845876112	-0.08144443535704514	-0.2912649518747799	-0.23987112028758542	-0.1270607179144929	0.017559906553725083	0.5369831506808237	0.2100813458976954	-0.14417965470060107	0.6628405615445828	0.3591852458072584	-1.2906404643648832	-0.565080495379462	0.5958864211704129	-0.3553662232468926	-0.167165964820176	0.06338942455244735	-0.11896700240706971	0.10564502791600462	-0.25392884069404437	-0.2646156708917393	0.4627645737712745	-0.17111127596749207	sadness	12	vertexPCA_type-dynamic
5	-3.4077910828587905	3.400076724688637	-1.2036213391052144	0.9708520441423615	-1.1389924714149051	-0.10892298332957623	0.2347017071818511	0.026020699695791915	0.6119410438113295	-0.18252655096299922	0.6264927571710487	-0.3465620038717791	0.38131448961459147	-0.02208413557443967	-0.37382106642290563	-0.5089516072254607	0.5958341766971601	-0.10191281008594422	0.38231673970376084	0.604110383972177	0.02584346254566566	-0.014169369691291879	-0.10154482825947932	-0.18722829175451378	1.2184027189605435	-0.7916486150510721	0.5722775722500388	-0.30281661259411075	-0.29351867678103	-0.569736453252546	-0.5304671781810127	-0.18733201689517254	-0.2966631834215043	-0.5302912730383281	-0.16429424460889178	-0.27311448112291026	-0.287398821821629	0.6085705111864711	-0.3567518126736898	0.797233563063514	0.6763159680202682	-0.6039305930740686	0.8839379092725943	0.3608516837349823	0.47769521505840323	0.24206458608648135	-0.6803989393336771	-0.5430422417918577	0.25038588188142774	0.11840025090355334	-0.0698466721793425	surprise	12	vertexPCA_type-dynamic
0	-2.4912776889545665	0.2241614429945856	-0.29965528943709335	-0.909115488137336	1.0344663149157467	0.47907199893611596	0.3488159616079536	0.27642300689220894	-0.5033844772278612	-0.6677890149885429	0.20629252702551037	0.033878944263062066	-0.3376808171784137	-0.272785952424072	-0.032182572146217975	0.1747754450438931	0.006131608428964141	0.17069623906306894	0.4222724048942866	-0.2359448731225413	-0.23833953469056732	-0.06078586672145142	0.27014008314923016	-0.3995854685291528	-0.4684887964098719	0.15972152274395013	0.12345310123018638	0.024729187738161698	0.2552992431954842	-0.05581597566450291	-0.005577646247797229	-0.1778155265680953	0.2934267926672573	0.18178926466587303	0.12720229919514078	-0.34391490506410416	-0.0016950388037275843	-0.31583412535217814	-0.32308926108407204	-0.4859566167698114	-0.15819288386389918	-0.01461630760976512	0.026671159181022905	-0.11196200884567871	0.015917184897729253	-0.012862969228690489	-0.35202250189308865	0.029969845142893248	0.14556898509942326	0.007770979336732208	0.32232161296402057	anger	13	vertexPCA_type-dynamic
1	-7.207583976891225	-4.327209233375657	-0.7382268410517416	-1.3642934334429215	0.6947142311757944	1.5597704257799285	-1.8221441259831395	0.7994925248462151	0.7707337556004049	0.3727733181151083	-0.3286404475633982	-0.041541161620922064	-0.2586900884417096	-0.5843410357987863	-0.6031257645011933	0.21344069277509806	0.22474782665772705	0.6747786327702002	-1.2435272379594833	0.48260743047070725	0.21205801844582944	0.8963374461259782	1.0767224914702245	0.5695596189173722	-0.5737308081838252	0.8764326277478885	-0.2983013381809973	-0.8099589645296714	-0.15115855532135744	-1.0272290626961604	0.1638056145133828	0.2753533980617038	-0.8148633461336107	0.2691832750139003	1.1532381588282303	1.2623912688585355	-0.49808468816885937	-0.7413640725025569	-0.02496596158320333	0.016967241760635753	0.6503846873090565	0.014390906893135318	0.5872365160494364	-0.6625523672224232	0.1273141370958891	0.08344060620230807	-0.37079272367815	0.2740276753841578	-0.8258813107187086	-0.31100935570190485	0.12242157356532024	disgust	13	vertexPCA_type-dynamic
2	-5.136782616579194	0.8704935506586985	-1.222824898718489	2.026353321020728	0.7837043513103896	-1.3433157768282877	-0.5957073241375018	0.5835871059356972	-0.8223638657278515	-0.2732027480631239	0.24545486076043613	-0.6193648276174168	0.2802667881516569	0.40835538659241855	-0.822355225469783	-0.17035159549611514	0.17785704621726794	0.2741795232432586	-0.0923053335269362	-0.1336793147203431	0.5342141630718159	0.3044729179565406	0.1859917426319534	0.2184792030815107	-0.39586594977939954	-0.35307078725335417	-0.15086469287514648	0.23990056641218843	-0.12331927727382551	0.21749053347477237	0.35510669885777035	-0.05315377821092567	-1.018156092899905	-0.19751041221440613	0.24179489818979502	0.578919744101883	0.13255384349302968	0.0374207617772071	0.4003208282101264	1.0837175727282002	0.8661874038189837	0.7465653271165934	1.428559353406162	0.24266974807552177	-0.8561882652833659	0.40484111799677647	0.42408484374465155	-0.6909465512767652	0.5268019102181273	0.3037451798433047	0.33705279431966795	fear	13	vertexPCA_type-dynamic
3	-2.972231702371043	-1.7240482317112105	1.7818751198718707	1.0839586897043179	-0.8981324238692757	-1.5546337342124474	0.17034852021564728	-2.2401587495883173	0.22824063652387527	0.34607984792543145	-0.25300077752843814	-0.46967533742833	-0.5851613196228039	0.5681890566819234	-0.22930842729269305	-0.33545106659227747	0.6113922909555497	-0.592331144420038	-0.30455527428921764	-0.25868843953322423	0.11704913820883255	-0.30857615374586095	0.1380106588611292	-0.3545427086484445	0.6869541859688438	0.13265490281126105	-0.6025673433204498	-0.2477876471495071	-0.5002525060258427	0.006871355641088327	0.28040986476847274	-0.1477796041372592	-0.11115691358772571	-0.49442885275318277	0.8205971951240926	-0.04666959702816289	-0.31448302419231317	0.09244257606238367	0.050901696834209795	0.2819807572561031	0.029181684437810898	-0.17942637376476056	-0.15882761999108286	0.24943017205131657	-0.20729795824962582	-0.485402270964841	0.32922984792764703	0.5156542754288723	0.5974816503916554	0.18172992835172008	-0.6922973560903565	happiness	13	vertexPCA_type-dynamic
4	-9.899453329026443	-1.2805866335032894	-4.817984342877647	2.338589440693234	-2.6904008619128854	1.8869253638928492	-1.4724992145165012	0.2997033718457935	0.636436740641257	0.8359888588622849	1.4125081351839688	-0.6377758777557094	0.4078389310019551	0.5555103409556422	0.01557862927237602	-0.1992566722728423	-0.33733785179182996	-0.4022144501282975	-2.00964794094105	0.9588898106387562	-0.8558966127672574	1.0462499855145768	1.0702868976340068	0.4997893462099489	-1.457601355520496	-0.21134934316059872	-1.8668134913274719	0.4985312748289061	-0.4437066691382943	2.1613298378474814	-0.2891683052780645	0.7992846373032719	0.10158306630820425	-0.3433632794089616	-2.2311180634871444	-0.9320593412613222	1.0662846298405986	0.04254969930869256	1.7224978112551808	0.36338314527332394	-0.9807165802005204	-0.1342571080892561	-0.08675987375013859	0.45390135919235314	-0.5113465345929883	0.3878987208300588	0.29254059333718296	0.03404495492880432	0.21211566195347953	-0.11746890548230288	-0.23825017199788337	sadness	13	vertexPCA_type-dynamic
5	-7.182834653226563	3.8652626225143645	-2.9926090200249518	0.8155801087589931	-1.3355036471697306	-0.8754440867803583	-0.6789847552371723	-2.128082703293907	-0.7540131430339012	-0.48430090794222913	-1.1415555042997172	-0.1692958006179985	0.10853490162567009	-0.35001101664944917	0.669588440718863	0.4116996672673643	0.14127628522444408	0.47339577319944276	-0.7266050173231803	1.1107671381064828	0.03853422340024828	-1.2403019902654782	0.6407222474133628	-0.9274466002004023	0.06122438760766281	0.6795474092288015	0.32894034081448614	0.2696707642637331	-0.464411927223828	0.537354639799979	-0.8464564162369799	0.5911936884125096	0.5384065756899065	0.7373992336801163	-0.14964966627252035	-0.665347644135473	0.6837714968659248	-0.3875766584588192	0.06313167272379988	-0.3241059327307925	-0.04423299989795874	0.2442725451429017	0.022079498920708197	-0.5320190171251583	0.03632575942453232	0.293119123784006	0.3508938042178006	-0.5497939464470822	-0.005569556087311531	0.15967580182769592	-0.24515581406645373	surprise	13	vertexPCA_type-dynamic
